Ativo;Data;Abertura;Maximo;Minimo;Fechamento;Volume;Quantidade
DI1F27;29/05/2020;7,000;7,000;6,900;6,900;1.784.361.344,60;27.730
DI1F27;28/05/2020;6,960;7,020;6,870;6,970;3.130.065.609,25;48.685
DI1F27;27/05/2020;6,950;7,110;6,920;6,930;2.959.667.108,45;46.280
DI1F27;26/05/2020;6,950;7,040;6,890;6,980;3.825.336.032,85;59.555
DI1F27;25/05/2020;7,100;7,180;7,060;7,060;1.705.723.744,10;26.820
DI1F27;22/05/2020;7,440;7,600;7,330;7,430;2.476.026.392,80;39.715
DI1F27;21/05/2020;7,610;7,670;7,420;7,430;3.604.770.833,15;58.095
DI1F27;20/05/2020;7,550;7,680;7,550;7,610;2.138.094.596,70;34.755
DI1F27;19/05/2020;7,650;7,670;7,550;7,610;2.953.229.211,60;47.995
DI1F27;18/05/2020;7,710;7,760;7,620;7,670;1.379.612.626,50;22.500
DI1F27;15/05/2020;7,930;7,950;7,750;7,820;1.859.440.816,40;30.620
DI1F27;14/05/2020;8,020;8,200;7,870;7,880;3.086.037.092,05;51.570
DI1F27;13/05/2020;7,700;7,970;7,620;7,960;2.198.964.768,75;36.320
DI1F27;12/05/2020;7,400;7,990;7,360;7,790;4.908.091.137,50;80.070
DI1F27;11/05/2020;7,540;7,670;7,440;7,490;1.341.433.812,30;21.700
DI1F27;08/05/2020;7,560;7,620;7,440;7,440;1.469.656.162,75;23.755
DI1F27;07/05/2020;7,300;7,640;7,270;7,570;2.855.307.469,20;46.180
DI1F27;06/05/2020;7,520;7,680;7,350;7,350;1.230.557.256,45;19.950
DI1F27;05/05/2020;7,400;7,590;7,270;7,450;2.535.214.717,20;40.910
DI1F27;04/05/2020;7,640;7,690;7,500;7,500;2.629.413.928,05;42.810
DI1F27;30/04/2020;7,390;7,580;7,390;7,400;2.150.786.952,50;34.790
DI1F27;29/04/2020;7,540;8,080;7,360;7,360;4.125.492.169,25;67.040
DI1F27;28/04/2020;8,170;8,200;7,530;7,600;4.863.264.754,25;80.400
DI1F27;27/04/2020;7,910;8,510;7,880;8,460;4.494.067.187,05;76.105
DI1F27;24/04/2020;7,400;8,590;7,320;8,590;5.606.875.872,95;93.560
DI1F27;23/04/2020;6,910;7,180;6,890;7,180;3.257.118.417,55;51.175
DI1F27;22/04/2020;6,690;6,820;6,670;6,800;2.110.523.126,40;32.665
DI1F27;20/04/2020;6,950;7,020;6,720;6,830;2.845.476.155,20;44.405
DI1F27;17/04/2020;6,930;7,070;6,850;6,900;2.547.554.860,38;39.983
DI1F27;16/04/2020;7,150;7,150;6,920;6,950;2.625.290.357,65;41.279
DI1F27;15/04/2020;7,280;7,350;7,100;7,120;2.626.011.237,75;41.830
DI1F27;14/04/2020;7,400;7,400;7,250;7,250;2.547.233.836,78;40.859
DI1F27;13/04/2020;7,510;7,550;7,380;7,400;1.386.454.363,35;22.460
DI1F27;09/04/2020;7,580;7,590;7,420;7,450;2.804.361.852,95;45.500
DI1F27;08/04/2020;7,730;7,930;7,590;7,600;3.619.144.531,65;59.635
DI1F27;07/04/2020;7,720;7,780;7,590;7,740;2.199.469.925,95;36.180
DI1F27;06/04/2020;7,770;7,970;7,620;7,840;2.381.548.801,85;39.245
DI1F27;03/04/2020;7,780;8,040;7,620;8,000;2.695.675.330,90;44.915
DI1F27;02/04/2020;7,620;7,760;7,470;7,750;1.923.189.790,90;31.640
DI1F27;01/04/2020;7,720;7,870;7,570;7,730;3.168.201.520,00;52.370
DI1F27;31/03/2020;7,580;7,630;7,390;7,480;1.805.380.722,20;29.340
DI1F27;30/03/2020;7,620;7,670;7,470;7,530;2.861.890.308,00;46.755
DI1F27;27/03/2020;7,760;7,980;7,470;7,640;3.077.948.407,73;50.919
DI1F27;26/03/2020;8,300;8,480;7,600;7,760;3.006.228.523,50;49.935
DI1F27;25/03/2020;9,110;9,220;8,150;8,260;2.799.586.041,72;48.856
DI1F27;24/03/2020;9,060;9,270;8,940;9,080;3.051.101.814,50;54.955
DI1F27;23/03/2020;9,060;9,540;8,810;9,480;2.605.437.684,55;47.660
DI1F27;20/03/2020;8,480;8,900;8,100;8,900;4.136.725.706,35;72.035
DI1F27;19/03/2020;8,700;9,710;8,420;8,570;3.419.219.832,70;61.075
DI1F27;18/03/2020;7,530;8,620;7,530;8,550;4.095.641.749,75;70.095
DI1F27;17/03/2020;7,790;7,870;7,240;7,380;5.337.779.480,50;87.350
DI1F27;16/03/2020;7,720;8,620;7,710;7,800;4.687.002.030,65;79.650
DI1F27;13/03/2020;7,940;8,090;7,460;7,900;4.297.403.552,80;71.985
DI1F27;12/03/2020;8,840;9,260;8,670;8,880;2.155.681.549,15;38.475
DI1F27;11/03/2020;6,840;7,740;6,810;7,600;7.750.188.189,80;123.970
DI1F27;10/03/2020;6,810;6,990;6,740;6,840;5.505.304.799,25;86.615
DI1F27;09/03/2020;7,250;7,250;6,710;6,950;6.961.091.180,95;109.515
DI1F27;06/03/2020;6,610;6,810;6,530;6,550;6.833.170.800,20;106.355
DI1F27;05/03/2020;6,390;6,580;6,360;6,540;8.644.075.053,95;132.695
DI1F27;04/03/2020;6,330;6,360;6,280;6,360;5.097.930.104,05;77.380
DI1F27;03/03/2020;6,420;6,460;6,300;6,380;5.611.069.715,95;85.475
DI1F27;02/03/2020;6,530;6,570;6,380;6,410;4.956.836.787,70;75.940
DI1F27;28/02/2020;6,670;6,720;6,590;6,630;6.138.149.115,90;95.255
DI1F27;27/02/2020;6,650;6,770;6,540;6,570;7.129.486.030,45;110.825
DI1F27;26/02/2020;6,540;6,650;6,510;6,630;3.640.339.940,15;56.295
DI1F27;21/02/2020;6,450;6,490;6,420;6,470;2.588.279.360,40;39.690
DI1F27;20/02/2020;6,380;6,510;6,350;6,410;5.254.861.361,30;80.518
DI1F27;19/02/2020;6,410;6,470;6,360;6,370;5.551.710.484,15;85.020
DI1F27;18/02/2020;6,370;6,400;6,350;6,390;2.708.857.251,40;41.375
DI1F27;17/02/2020;6,350;6,380;6,290;6,370;1.779.016.422,10;27.115
DI1F27;14/02/2020;6,420;6,440;6,330;6,330;4.411.352.615,80;67.385
DI1F27;13/02/2020;6,420;6,470;6,420;6,440;2.472.012.771,05;37.940
DI1F27;12/02/2020;6,420;6,430;6,380;6,390;2.163.434.101,20;33.130
DI1F27;11/02/2020;6,450;6,460;6,390;6,420;4.284.902.701,85;65.710
DI1F27;10/02/2020;6,540;6,540;6,460;6,480;2.562.009.609,55;39.480
DI1F27;07/02/2020;6,460;6,560;6,430;6,550;5.209.369.730,25;80.320
DI1F27;06/02/2020;6,420;6,490;6,370;6,470;6.986.883.078,30;107.250
DI1F27;05/02/2020;6,470;6,490;6,390;6,390;4.760.644.092,20;73.130
DI1F27;04/02/2020;6,500;6,520;6,440;6,470;3.580.101.721,05;55.150
DI1F27;03/02/2020;6,580;6,580;6,500;6,520;2.894.996.528,85;44.765
DI1F27;31/01/2020;6,610;6,630;6,550;6,600;4.016.121.350,00;62.365
DI1F27;30/01/2020;6,600;6,650;6,550;6,590;5.577.007.298,55;86.680
DI1F27;29/01/2020;6,570;6,590;6,530;6,580;4.798.626.918,95;74.410
DI1F27;28/01/2020;6,670;6,700;6,600;6,600;3.119.393.474,50;48.680
DI1F27;27/01/2020;6,710;6,720;6,660;6,660;1.936.349.686,45;30.300
DI1F27;24/01/2020;6,690;6,730;6,650;6,680;2.386.533.047,15;37.350
DI1F27;23/01/2020;6,720;6,770;6,680;6,710;3.093.668.774,50;48.525
DI1F27;22/01/2020;6,750;6,750;6,690;6,700;1.778.375.489,45;27.890
DI1F27;21/01/2020;6,790;6,810;6,710;6,730;2.262.343.901,40;35.575
DI1F27;20/01/2020;6,740;6,780;6,720;6,770;2.690.127.546,35;42.335
DI1F27;17/01/2020;6,790;6,820;6,750;6,750;2.879.966.301,40;45.415
DI1F27;16/01/2020;6,710;6,830;6,700;6,820;4.146.520.401,75;65.265
DI1F27;15/01/2020;6,710;6,720;6,660;6,710;4.511.244.237,55;70.775
DI1F27;14/01/2020;6,820;6,850;6,730;6,750;3.896.466.377,90;61.420
DI1F27;13/01/2020;6,730;6,830;6,720;6,810;1.869.019.594,55;29.500
DI1F27;10/01/2020;6,740;6,770;6,680;6,740;1.830.851.763,00;28.785
DI1F27;09/01/2020;6,770;6,810;6,690;6,730;6.526.520.658,45;102.795
DI1F27;08/01/2020;6,780;6,810;6,720;6,760;2.840.352.737,90;44.795
DI1F27;07/01/2020;6,800;6,890;6,770;6,790;2.569.325.495,45;40.670
DI1F27;06/01/2020;6,780;6,820;6,760;6,790;1.555.914.518,00;24.590
DI1F27;03/01/2020;6,770;6,790;6,720;6,750;3.635.156.965,60;57.325
DI1F27;02/01/2020;6,740;6,780;6,700;6,710;2.935.095.412,80;46.255
DI1F27;30/12/2019;6,830;6,830;6,750;6,760;1.564.087.913,40;24.735
DI1F27;27/12/2019;6,840;6,890;6,830;6,840;1.735.015.191,15;27.595
DI1F27;26/12/2019;6,910;6,910;6,810;6,850;1.402.671.581,45;22.285
DI1F27;23/12/2019;6,970;6,980;6,910;6,930;1.316.010.274,95;21.050
DI1F27;20/12/2019;7,070;7,130;6,990;6,990;2.505.333.307,85;40.405
DI1F27;19/12/2019;6,920;7,070;6,900;7,060;3.384.277.299,85;54.380
DI1F27;18/12/2019;6,930;6,930;6,830;6,900;4.081.682.130,90;65.010
DI1F27;17/12/2019;6,840;6,940;6,810;6,930;2.632.977.607,45;42.040
DI1F27;16/12/2019;6,720;6,810;6,680;6,810;2.443.950.365,10;38.720
DI1F27;13/12/2019;6,700;6,700;6,650;6,700;2.206.634.916,35;34.745
DI1F27;12/12/2019;6,640;6,700;6,630;6,680;3.809.738.243,15;59.960
DI1F27;11/12/2019;6,720;6,720;6,660;6,700;2.310.930.827,85;36.455
DI1F27;10/12/2019;6,720;6,760;6,690;6,710;3.155.467.565,00;49.910
DI1F27;09/12/2019;6,700;6,700;6,660;6,700;1.597.754.994,95;25.200
DI1F27;06/12/2019;6,760;6,770;6,700;6,700;3.424.954.326,45;54.185
DI1F27;05/12/2019;6,750;6,790;6,730;6,770;1.326.992.639,75;21.040
DI1F27;04/12/2019;6,790;6,790;6,720;6,750;2.440.413.071,90;38.695
DI1F27;03/12/2019;6,890;6,910;6,790;6,800;1.805.624.025,30;28.765
DI1F27;02/12/2019;6,900;6,900;6,820;6,880;1.793.226.690,70;28.655
DI1F27;29/11/2019;6,840;6,900;6,800;6,850;1.964.536.069,15;31.355
DI1F27;28/11/2019;6,920;7,040;6,840;6,840;2.169.045.490,20;34.875
DI1F27;27/11/2019;6,900;7,040;6,880;6,960;2.984.722.814,90;48.065
DI1F27;26/11/2019;6,890;7,000;6,890;6,930;6.347.039.921,05;102.055
DI1F27;25/11/2019;6,740;6,930;6,710;6,890;2.523.481.927,40;40.325
DI1F27;22/11/2019;6,760;6,830;6,730;6,770;2.009.563.975,50;31.945
DI1F27;21/11/2019;6,730;6,850;6,720;6,770;2.939.925.508,15;46.850
DI1F27;19/11/2019;6,640;6,730;6,610;6,710;2.595.805.777,75;41.100
DI1F27;18/11/2019;6,600;6,700;6,590;6,670;2.094.837.528,95;33.040
DI1F27;14/11/2019;6,670;6,680;6,590;6,630;1.957.050.649,65;30.895
DI1F27;13/11/2019;6,690;6,770;6,620;6,670;5.595.449.769,25;88.645
DI1F27;12/11/2019;6,570;6,700;6,550;6,680;3.295.945.130,35;52.050
DI1F27;11/11/2019;6,630;6,650;6,520;6,580;2.487.519.836,65;39.115
DI1F27;08/11/2019;6,590;6,670;6,520;6,610;4.220.519.103,20;66.500
DI1F27;07/11/2019;6,390;6,570;6,390;6,560;3.917.153.117,30;61.340
DI1F27;06/11/2019;6,360;6,480;6,310;6,440;4.638.351.207,35;72.185
DI1F27;05/11/2019;6,340;6,410;6,330;6,390;3.919.697.182,65;60.880
DI1F27;04/11/2019;6,320;6,350;6,260;6,350;2.299.890.887,40;35.570
DI1F27;01/11/2019;6,380;6,380;6,300;6,320;3.289.953.514,70;50.985
DI1F27;31/10/2019;6,460;6,460;6,340;6,410;5.327.665.902,40;82.880
DI1F27;30/10/2019;6,440;6,530;6,390;6,400;4.228.549.919,95;66.160
DI1F27;29/10/2019;6,420;6,440;6,390;6,430;2.332.490.763,95;36.425
DI1F27;28/10/2019;6,470;6,490;6,380;6,440;2.613.184.202,54;40.818
DI1F27;25/10/2019;6,500;6,510;6,440;6,460;2.556.803.791,65;40.065
DI1F27;24/10/2019;6,510;6,540;6,400;6,530;4.005.107.301,40;62.710
DI1F27;23/10/2019;6,550;6,560;6,480;6,500;4.226.610.076,25;66.430
DI1F27;22/10/2019;6,480;6,590;6,460;6,560;2.518.947.639,60;39.690
DI1F27;21/10/2019;6,500;6,550;6,460;6,460;1.067.439.781,70;16.780
DI1F27;18/10/2019;6,510;6,560;6,460;6,500;2.136.782.064,35;33.595
DI1F27;17/10/2019;6,550;6,600;6,470;6,510;3.386.859.743,80;53.345
DI1F27;16/10/2019;6,680;6,740;6,570;6,570;1.992.665.778,75;31.665
DI1F27;15/10/2019;6,570;6,720;6,570;6,700;3.622.160.111,20;57.640
DI1F27;14/10/2019;6,610;6,640;6,580;6,600;1.455.679.282,45;23.075
DI1F27;11/10/2019;6,790;6,790;6,610;6,610;2.228.145.837,70;35.485
DI1F27;10/10/2019;6,830;6,870;6,770;6,780;3.016.906.202,40;48.555
DI1F27;09/10/2019;6,920;6,920;6,830;6,860;3.155.405.091,75;50.960
DI1F27;08/10/2019;6,970;6,990;6,940;6,950;1.139.669.871,05;18.515
DI1F27;07/10/2019;6,920;6,990;6,900;6,980;1.369.582.724,85;22.250
DI1F27;04/10/2019;6,930;6,940;6,900;6,930;1.359.103.390,50;22.035
DI1F27;03/10/2019;7,010;7,040;6,930;6,940;3.192.941.096,20;51.990
DI1F27;02/10/2019;7,000;7,050;6,970;7,020;2.678.763.397,05;43.695
DI1F27;01/10/2019;7,030;7,070;6,950;6,950;3.213.400.653,95;52.470
DI1F27;30/09/2019;6,980;7,020;6,970;7,010;1.328.802.349,50;21.675
DI1F27;27/09/2019;7,010;7,030;6,990;6,990;1.307.441.155,00;21.355
DI1F27;26/09/2019;7,040;7,040;7,010;7,010;2.180.760.695,45;35.670
DI1F27;25/09/2019;7,160;7,170;7,050;7,060;2.008.156.880,85;33.075
DI1F27;24/09/2019;7,050;7,150;7,040;7,110;2.257.883.077,00;37.180
DI1F27;23/09/2019;7,030;7,090;7,020;7,070;1.016.092.693,50;16.680
DI1F27;20/09/2019;7,120;7,140;7,020;7,030;2.709.969.536,20;44.490
DI1F27;19/09/2019;7,070;7,160;7,000;7,160;3.876.470.755,65;63.580
DI1F27;18/09/2019;7,150;7,200;7,100;7,140;1.855.961.245,65;30.630
DI1F27;17/09/2019;7,270;7,310;7,150;7,160;1.690.955.746,85;28.075
DI1F27;16/09/2019;7,360;7,390;7,270;7,270;1.513.541.342,10;25.300
DI1F27;13/09/2019;7,270;7,400;7,250;7,350;3.475.822.155,35;58.075
DI1F27;12/09/2019;7,260;7,340;7,230;7,260;2.773.019.596,95;46.245
DI1F27;11/09/2019;7,300;7,340;7,260;7,310;1.521.358.647,00;25.420
DI1F27;10/09/2019;7,280;7,380;7,280;7,300;1.215.199.175,50;20.380
DI1F27;09/09/2019;7,270;7,350;7,270;7,320;960.754.702,50;16.080
DI1F27;06/09/2019;7,280;7,330;7,250;7,300;2.644.417.609,95;44.225
DI1F27;05/09/2019;7,260;7,350;7,240;7,300;2.609.895.153,20;43.665
DI1F27;04/09/2019;7,300;7,320;7,250;7,280;2.536.206.995,30;42.380
DI1F27;03/09/2019;7,430;7,460;7,350;7,360;1.943.939.499,65;32.730
DI1F27;02/09/2019;7,410;7,480;7,390;7,470;779.538.443,90;13.190
DI1F27;30/08/2019;7,480;7,500;7,380;7,410;1.931.970.948,10;32.655
DI1F27;29/08/2019;7,540;7,690;7,480;7,530;4.045.023.354,30;69.110
DI1F27;28/08/2019;7,380;7,590;7,380;7,580;4.160.637.713,70;70.790
DI1F27;27/08/2019;7,370;7,550;7,280;7,400;4.850.278.818,50;82.045
DI1F27;26/08/2019;7,220;7,430;7,210;7,380;2.913.082.371,85;48.995
DI1F27;23/08/2019;7,200;7,270;7,130;7,240;3.786.969.730,20;63.180
DI1F27;22/08/2019;7,170;7,220;7,120;7,200;2.533.076.510,35;42.170
DI1F27;21/08/2019;7,220;7,220;7,160;7,180;1.781.261.077,00;29.685
DI1F27;20/08/2019;7,220;7,350;7,180;7,250;3.784.305.125,60;63.470
DI1F27;19/08/2019;7,150;7,250;7,130;7,250;857.687.399,60;14.300
DI1F27;16/08/2019;7,180;7,190;7,150;7,150;909.169.657,90;15.130
DI1F27;15/08/2019;7,220;7,310;7,170;7,220;2.520.836.682,33;42.146
DI1F27;14/08/2019;7,210;7,270;7,160;7,240;2.971.807.288,30;49.700
DI1F27;13/08/2019;7,160;7,200;7,110;7,170;2.555.473.768,30;42.485
DI1F27;12/08/2019;7,190;7,340;7,160;7,160;2.943.351.311,30;49.245
DI1F27;09/08/2019;7,160;7,180;7,110;7,140;940.618.014,05;15.655
DI1F27;08/08/2019;7,140;7,160;7,100;7,130;1.866.644.488,70;31.025
DI1F27;07/08/2019;7,210;7,250;7,150;7,160;2.702.897.616,15;45.140
DI1F27;06/08/2019;7,300;7,310;7,230;7,250;2.887.986.578,60;48.505
DI1F27;05/08/2019;7,280;7,370;7,250;7,360;2.308.537.557,30;38.880
DI1F27;02/08/2019;7,240;7,260;7,170;7,210;2.447.903.587,25;40.975
DI1F27;01/08/2019;7,130;7,240;7,130;7,230;3.457.012.612,95;57.840
DI1F27;31/07/2019;7,160;7,230;7,110;7,190;1.509.091.953,40;25.205
DI1F27;30/07/2019;7,160;7,220;7,140;7,160;1.171.587.846,00;19.580
DI1F27;29/07/2019;7,190;7,220;7,170;7,180;812.108.339,45;13.585
DI1F27;26/07/2019;7,220;7,250;7,180;7,190;864.141.570,25;14.480
DI1F27;25/07/2019;7,120;7,250;7,120;7,230;2.271.018.456,25;38.075
DI1F27;24/07/2019;7,200;7,210;7,150;7,160;1.044.903.819,25;17.465
DI1F27;23/07/2019;7,270;7,270;7,180;7,200;1.873.653.875,25;31.430
DI1F27;22/07/2019;7,290;7,300;7,240;7,290;718.499.002,00;12.110
DI1F27;19/07/2019;7,270;7,310;7,230;7,310;2.497.408.847,70;42.085
DI1F27;18/07/2019;7,300;7,320;7,250;7,260;3.122.823.681,80;52.705
DI1F27;17/07/2019;7,300;7,380;7,270;7,310;3.678.595.041,65;62.235
DI1F27;16/07/2019;7,230;7,320;7,210;7,310;2.042.833.480,10;34.480
DI1F27;15/07/2019;7,240;7,260;7,190;7,240;1.016.112.375,00;17.085
DI1F27;12/07/2019;7,180;7,260;7,140;7,260;2.713.045.525,20;45.520
DI1F27;11/07/2019;7,190;7,230;7,140;7,170;3.478.243.009,40;58.390
DI1F27;10/07/2019;7,190;7,250;7,160;7,200;3.681.395.530,35;61.925
DI1F27;08/07/2019;7,370;7,370;7,280;7,280;1.280.356.052,60;21.695
DI1F27;05/07/2019;7,280;7,390;7,280;7,380;3.552.255.122,40;60.390
DI1F27;04/07/2019;7,270;7,330;7,250;7,300;2.677.174.215,55;45.360
DI1F27;03/07/2019;7,430;7,450;7,270;7,360;3.189.741.723,80;54.245
DI1F27;02/07/2019;7,360;7,430;7,280;7,390;3.314.164.499,65;56.375
DI1F27;01/07/2019;7,470;7,470;7,330;7,330;3.338.572.549,15;56.850
DI1F27;28/06/2019;7,540;7,550;7,430;7,470;2.818.414.475,65;48.440
DI1F27;27/06/2019;7,630;7,660;7,560;7,560;2.302.478.752,25;39.870
DI1F27;26/06/2019;7,640;7,670;7,550;7,600;4.120.846.694,90;71.390
DI1F27;25/06/2019;7,590;7,690;7,560;7,680;4.432.426.414,40;76.960
DI1F27;24/06/2019;7,620;7,640;7,570;7,600;2.481.942.836,45;43.040
DI1F27;21/06/2019;7,720;7,720;7,550;7,590;3.561.539.780,10;61.825
DI1F27;19/06/2019;7,870;7,940;7,750;7,750;3.403.919.094,70;60.145
DI1F27;18/06/2019;7,890;7,890;7,790;7,890;2.611.523.589,55;46.100
DI1F27;17/06/2019;7,880;7,940;7,810;7,910;1.625.874.446,30;28.790
DI1F27;14/06/2019;7,860;7,960;7,820;7,850;3.378.814.680,95;59.885
DI1F27;13/06/2019;7,960;8,000;7,860;7,860;2.972.994.425,85;52.875
DI1F27;12/06/2019;7,970;8,030;7,910;8,030;1.689.832.783,55;30.120
DI1F27;11/06/2019;8,150;8,170;7,930;7,990;3.150.295.597,39;56.404
DI1F27;10/06/2019;8,170;8,220;8,080;8,170;2.517.205.633,65;45.435
DI1F27;07/06/2019;8,210;8,220;8,120;8,130;2.641.444.726,20;47.760
DI1F27;06/06/2019;8,280;8,320;8,210;8,240;1.635.943.035,05;29.785
DI1F27;05/06/2019;8,240;8,360;8,150;8,310;2.398.981.381,45;43.670
DI1F27;04/06/2019;8,220;8,350;8,180;8,240;5.079.142.564,45;92.600
DI1F27;03/06/2019;8,510;8,530;8,240;8,240;2.663.381.710,10;49.060
DI1F27;31/05/2019;8,510;8,530;8,480;8,490;1.573.233.382,05;29.190
DI1F27;30/05/2019;8,590;8,600;8,480;8,480;2.853.404.064,65;53.005
DI1F27;29/05/2019;8,720;8,730;8,510;8,560;3.088.084.705,70;57.610
DI1F27;28/05/2019;8,880;8,880;8,690;8,690;2.127.173.296,05;40.230
DI1F27;27/05/2019;8,910;8,910;8,820;8,870;463.390.848,25;8.820
DI1F27;24/05/2019;8,910;8,940;8,860;8,940;1.122.302.572,55;21.435
DI1F27;23/05/2019;8,980;9,000;8,900;8,900;1.596.306.648,35;30.580
DI1F27;22/05/2019;8,930;8,960;8,900;8,950;2.922.491.667,95;55.994
DI1F27;21/05/2019;9,090;9,130;8,920;8,920;1.975.959.933,10;38.075
DI1F27;20/05/2019;9,200;9,260;9,090;9,110;2.197.825.371,70;42.820
DI1F27;17/05/2019;9,100;9,260;9,090;9,200;3.235.371.479,65;63.235
DI1F27;16/05/2019;8,990;9,090;8,950;9,090;2.117.805.224,40;40.910
DI1F27;15/05/2019;8,940;9,030;8,870;8,970;2.495.464.358,80;47.925
DI1F27;14/05/2019;8,980;8,990;8,850;8,890;1.496.049.716,00;28.665
DI1F27;13/05/2019;8,920;8,980;8,900;8,980;1.091.525.224,40;20.965
DI1F27;10/05/2019;8,860;8,890;8,830;8,870;1.020.350.032,75;19.505
DI1F27;09/05/2019;8,910;8,960;8,880;8,890;1.789.043.984,20;34.350
DI1F27;08/05/2019;8,960;8,960;8,880;8,930;2.035.250.170,70;39.120
DI1F27;07/05/2019;8,990;9,030;8,970;8,980;2.550.375.149,45;49.285
DI1F27;06/05/2019;9,020;9,040;8,960;8,990;779.419.756,95;15.060
DI1F27;03/05/2019;9,060;9,060;8,980;8,990;2.029.907.159,00;39.290
DI1F27;02/05/2019;9,090;9,110;9,050;9,070;1.159.016.844,15;22.555
DI1F27;30/04/2019;9,070;9,120;9,040;9,050;873.068.737,85;16.980
DI1F27;29/04/2019;9,070;9,110;9,050;9,100;683.601.939,05;13.320
DI1F27;26/04/2019;9,100;9,150;9,060;9,080;1.783.762.951,30;34.760
DI1F27;25/04/2019;9,140;9,180;9,080;9,080;1.206.300.585,20;23.585
DI1F27;24/04/2019;8,950;9,110;8,930;9,100;1.032.889.758,70;20.060
DI1F27;23/04/2019;9,070;9,070;8,970;8,970;1.703.976.337,07;33.094
DI1F27;22/04/2019;9,070;9,110;9,050;9,110;681.739.156,65;13.289
DI1F27;18/04/2019;9,110;9,120;9,020;9,080;1.518.221.364,15;29.620
DI1F27;17/04/2019;9,060;9,160;9,040;9,140;2.137.085.026,15;41.820
DI1F27;16/04/2019;9,040;9,110;9,040;9,100;715.743.340,80;13.975
DI1F27;15/04/2019;9,090;9,140;9,020;9,040;1.203.291.007,65;23.490
DI1F27;12/04/2019;9,100;9,130;9,020;9,110;2.590.098.477,25;50.570
DI1F27;11/04/2019;9,080;9,080;8,990;9,040;2.479.338.359,90;48.295
DI1F27;10/04/2019;9,100;9,110;8,970;9,030;1.607.938.876,95;31.325
DI1F27;09/04/2019;9,100;9,150;9,080;9,090;911.433.395,35;17.875
DI1F27;08/04/2019;9,010;9,100;9,010;9,070;1.667.988.738,80;32.610
DI1F27;05/04/2019;9,020;9,030;8,970;9,020;582.450.031,60;11.335
DI1F27;04/04/2019;9,090;9,140;8,990;9,010;2.128.098.480,05;41.600
DI1F27;03/04/2019;8,920;9,130;8,920;9,110;1.921.257.914,05;37.490
DI1F27;02/04/2019;8,930;9,020;8,930;8,990;1.715.772.530,75;33.395
DI1F27;01/04/2019;8,990;9,030;8,940;8,940;2.010.724.299,80;39.130
DI1F27;29/03/2019;9,010;9,070;8,940;9,060;1.957.303.118,45;38.180
DI1F27;28/03/2019;9,500;9,540;9,010;9,040;3.954.294.568,80;78.270
DI1F27;27/03/2019;9,290;9,490;9,220;9,490;3.253.105.844,60;65.005
DI1F27;26/03/2019;9,060;9,170;9,030;9,170;2.069.066.812,75;40.710
DI1F27;25/03/2019;9,260;9,450;9,080;9,100;2.827.182.996,55;55.975
DI1F27;22/03/2019;9,060;9,230;9,020;9,200;4.444.114.352,45;87.515
DI1F27;21/03/2019;8,770;9,010;8,740;8,860;3.109.251.836,50;60.255
DI1F27;20/03/2019;8,850;8,910;8,730;8,790;1.849.672.889,05;35.670
DI1F27;19/03/2019;8,880;8,880;8,780;8,860;1.465.112.078,85;28.300
DI1F27;18/03/2019;8,890;8,950;8,860;8,870;1.249.939.525,10;24.285
DI1F27;15/03/2019;8,970;9,000;8,870;8,910;1.355.414.849,80;26.370
DI1F27;14/03/2019;8,870;8,950;8,860;8,920;1.566.631.171,70;30.450
DI1F27;13/03/2019;8,910;8,910;8,820;8,830;1.131.390.511,20;21.925
DI1F27;12/03/2019;8,980;8,980;8,890;8,910;1.365.345.807,05;26.600
DI1F27;11/03/2019;9,060;9,060;8,960;8,990;1.818.177.181,10;35.595
DI1F27;08/03/2019;9,200;9,210;9,090;9,120;2.147.615.333,95;42.470
DI1F27;07/03/2019;9,240;9,280;9,170;9,180;2.665.456.386,90;53.105
DI1F27;06/03/2019;9,210;9,290;9,100;9,220;1.885.649.247,05;37.600
DI1F27;01/03/2019;9,100;9,220;9,100;9,150;1.276.066.634,20;25.345
DI1F27;28/02/2019;9,080;9,150;9,070;9,110;790.132.788,95;15.625
DI1F27;27/02/2019;9,070;9,110;9,040;9,060;1.052.348.388,90;20.755
DI1F27;26/02/2019;9,080;9,120;9,040;9,090;929.862.127,85;18.375
DI1F27;25/02/2019;9,000;9,090;8,970;9,080;865.307.271,05;17.040
DI1F27;22/02/2019;9,060;9,090;8,990;9,040;664.374.097,45;13.085
DI1F27;21/02/2019;9,010;9,140;9,010;9,070;1.776.848.557,87;35.138
DI1F27;20/02/2019;8,940;9,070;8,870;9,050;1.169.969.465,85;22.945
DI1F27;19/02/2019;9,010;9,020;8,890;8,980;1.210.777.819,90;23.705
DI1F27;18/02/2019;8,950;9,040;8,920;9,020;942.080.271,15;18.525
DI1F27;15/02/2019;8,900;8,940;8,820;8,890;2.177.410.457,50;42.480
DI1F27;14/02/2019;9,050;9,120;8,890;8,920;1.822.260.159,20;35.940
DI1F27;13/02/2019;9,080;9,090;8,990;9,060;1.634.147.644,50;32.295
DI1F27;12/02/2019;9,160;9,160;9,090;9,090;1.640.072.720,10;32.590
DI1F27;11/02/2019;9,160;9,290;9,120;9,170;2.400.764.694,23;48.091
DI1F27;08/02/2019;9,060;9,320;9,060;9,180;2.380.464.609,20;47.655
DI1F27;07/02/2019;9,090;9,150;9,040;9,110;2.416.900.649,20;47.990
DI1F27;06/02/2019;8,990;9,070;8,990;9,060;1.947.794.892,20;38.500
DI1F27;05/02/2019;8,850;9,010;8,850;8,930;1.255.458.559,35;24.685
DI1F27;04/02/2019;8,860;8,990;8,830;8,870;1.552.238.248,40;30.445
DI1F27;01/02/2019;9,010;9,040;8,820;8,830;2.806.946.628,60;55.040
DI1F27;31/01/2019;9,110;9,160;8,940;8,970;4.550.710.592,25;90.210
DI1F27;30/01/2019;9,080;9,270;9,080;9,170;2.620.409.486,85;52.515
DI1F27;29/01/2019;9,220;9,230;9,130;9,170;1.470.040.187,95;29.435
DI1F27;28/01/2019;9,230;9,310;9,220;9,230;874.096.425,55;17.620
DI1F27;24/01/2019;9,100;9,240;9,100;9,210;3.482.459.876,55;69.802
DI1F27;23/01/2019;9,240;9,250;9,090;9,100;2.133.399.449,00;42.740
DI1F27;22/01/2019;9,230;9,270;9,160;9,260;1.444.823.269,85;29.040
DI1F27;21/01/2019;9,270;9,290;9,210;9,210;632.183.662,85;12.750
DI1F27;18/01/2019;9,320;9,320;9,200;9,220;1.526.937.995,95;30.810
DI1F27;17/01/2019;9,340;9,390;9,270;9,300;1.161.248.659,55;23.605
DI1F27;16/01/2019;9,290;9,390;9,290;9,350;1.818.788.238,30;36.990
DI1F27;15/01/2019;9,210;9,350;9,200;9,330;2.053.107.011,80;41.570
DI1F27;14/01/2019;9,290;9,320;9,220;9,220;2.116.099.843,55;42.780
DI1F27;11/01/2019;9,240;9,300;9,200;9,270;1.980.257.776,65;40.095
DI1F27;10/01/2019;9,210;9,290;9,160;9,290;1.730.251.308,70;34.925
DI1F27;09/01/2019;9,200;9,200;9,100;9,190;2.181.098.791,36;43.803
DI1F27;08/01/2019;9,310;9,320;9,230;9,240;2.044.722.404,55;41.420
DI1F27;07/01/2019;9,280;9,370;9,210;9,310;4.031.277.226,60;81.950
DI1F27;04/01/2019;9,320;9,420;9,190;9,260;1.802.443.357,60;36.635
DI1F27;03/01/2019;9,350;9,390;9,260;9,300;1.765.642.185,00;35.950
DI1F27;02/01/2019;9,450;9,460;9,270;9,320;2.587.127.041,15;52.715
DI1F27;28/12/2018;9,450;9,450;9,360;9,410;719.588.619,65;14.765
DI1F27;27/12/2018;9,500;9,540;9,400;9,440;371.510.682,60;7.660
DI1F27;26/12/2018;9,490;9,600;9,490;9,530;262.698.276,10;5.450
DI1F27;21/12/2018;9,570;9,650;9,480;9,560;1.570.097.783,85;32.580
DI1F27;20/12/2018;9,700;9,700;9,560;9,570;1.786.218.435,00;37.290
DI1F27;19/12/2018;9,830;9,850;9,670;9,710;2.475.863.159,00;52.150
DI1F27;18/12/2018;9,780;9,940;9,720;9,860;2.280.089.734,00;48.450
DI1F27;17/12/2018;9,820;9,850;9,770;9,800;1.038.392.594,30;22.000
DI1F27;14/12/2018;9,900;9,950;9,710;9,790;1.616.643.218,83;34.208
DI1F27;13/12/2018;9,970;10,050;9,840;9,880;2.498.008.942,60;53.365
DI1F27;12/12/2018;10,100;10,130;10,000;10,010;863.325.583,85;18.630
DI1F27;11/12/2018;10,090;10,200;10,060;10,120;837.209.269,90;18.195
DI1F27;10/12/2018;10,090;10,180;10,040;10,170;833.926.322,05;18.125
DI1F27;07/12/2018;9,940;10,060;9,890;10,040;1.108.029.106,20;23.835
DI1F27;06/12/2018;10,190;10,240;9,990;10,010;878.058.057,10;19.110
DI1F27;05/12/2018;10,050;10,190;10,030;10,110;525.158.771,20;11.425
DI1F27;04/12/2018;9,900;10,100;9,900;10,040;1.048.204.365,55;22.620
DI1F27;03/12/2018;9,820;9,940;9,750;9,940;694.597.512,75;14.815
DI1F27;30/11/2018;9,950;9,960;9,860;9,870;794.497.437,40;16.996
DI1F27;29/11/2018;10,020;10,090;9,920;9,950;927.736.021,15;20.015
DI1F27;28/11/2018;10,050;10,110;9,940;10,050;685.040.519,25;14.805
DI1F27;27/11/2018;10,120;10,300;10,030;10,060;1.699.115.684,05;37.060
DI1F27;26/11/2018;9,850;10,160;9,810;10,130;1.317.066.604,53;28.457
DI1F27;23/11/2018;9,980;9,980;9,830;9,850;834.823.696,25;17.875
DI1F27;22/11/2018;10,010;10,020;9,830;9,960;1.110.949.816,80;23.895
DI1F27;21/11/2018;10,110;10,130;9,910;9,990;1.251.487.171,39;27.071
DI1F27;19/11/2018;10,070;10,140;10,020;10,040;1.623.010.852,10;35.340
DI1F27;16/11/2018;10,300;10,350;9,990;10,040;2.366.266.735,80;51.695
DI1F27;14/11/2018;10,510;10,530;10,350;10,390;1.528.354.256,70;34.145
DI1F27;13/11/2018;10,420;10,570;10,410;10,540;1.300.324.667,50;29.210
DI1F27;12/11/2018;10,410;10,560;10,390;10,460;693.325.996,50;15.580
DI1F27;09/11/2018;10,440;10,550;10,380;10,380;991.471.382,05;22.275
DI1F27;08/11/2018;10,250;10,530;10,200;10,440;1.598.113.835,20;35.650
DI1F27;07/11/2018;10,130;10,350;10,110;10,210;1.021.295.284,85;22.555
DI1F27;06/11/2018;10,170;10,250;10,130;10,240;1.159.532.843,50;25.550
DI1F27;05/11/2018;10,120;10,190;10,070;10,080;976.935.250,60;21.425
DI1F27;01/11/2018;10,120;10,170;10,080;10,100;925.247.394,70;20.285
DI1F27;31/10/2018;10,130;10,250;10,080;10,200;1.783.460.697,40;39.300
DI1F27;30/10/2018;10,240;10,350;10,100;10,120;2.217.947.754,55;48.900
DI1F27;29/10/2018;10,030;10,380;9,990;10,380;2.568.361.860,75;56.530
DI1F27;26/10/2018;10,610;10,640;10,250;10,250;1.831.725.243,95;41.155
DI1F27;25/10/2018;10,470;10,640;10,460;10,590;1.935.837.474,70;43.925
DI1F27;24/10/2018;10,370;10,570;10,360;10,510;1.376.773.437,75;31.010
DI1F27;23/10/2018;10,310;10,440;10,260;10,320;1.799.769.687,50;40.300
DI1F27;22/10/2018;10,340;10,420;10,230;10,280;1.586.850.605,10;35.345
DI1F27;19/10/2018;10,400;10,560;10,400;10,440;1.441.078.359,40;32.570
DI1F27;18/10/2018;10,380;10,600;10,280;10,550;4.100.210.140,20;92.355
DI1F27;17/10/2018;10,530;10,530;10,150;10,330;4.736.245.227,25;105.880
DI1F27;16/10/2018;10,700;10,700;10,440;10,480;2.034.073.095,80;46.080
DI1F27;15/10/2018;10,960;11,000;10,730;10,740;1.339.234.547,50;31.130
DI1F27;11/10/2018;10,970;11,180;10,920;11,040;948.382.237,05;22.440
DI1F27;10/10/2018;11,020;11,120;10,960;11,090;970.576.596,50;22.890
DI1F27;09/10/2018;11,180;11,200;10,860;10,970;2.604.657.031,55;61.490
DI1F27;08/10/2018;11,360;11,370;11,060;11,110;1.604.832.764,95;38.210
DI1F27;05/10/2018;11,400;11,740;11,360;11,640;1.061.721.287,25;26.145
DI1F27;04/10/2018;11,560;11,740;11,510;11,520;853.001.127,90;21.090
DI1F27;03/10/2018;11,560;11,720;11,430;11,630;2.441.994.940,05;60.055
DI1F27;02/10/2018;11,850;11,860;11,650;11,760;1.852.381.486,90;46.210
DI1F27;01/10/2018;12,110;12,190;11,950;11,970;1.043.636.490,90;26.625
DI1F27;28/09/2018;12,000;12,150;11,990;12,110;918.771.774,65;23.470
DI1F27;27/09/2018;12,110;12,110;11,890;11,980;947.605.904,90;24.070
DI1F27;26/09/2018;12,270;12,280;12,070;12,110;851.022.852,30;21.860
DI1F27;25/09/2018;12,350;12,460;12,190;12,240;827.442.328,35;21.605
DI1F27;24/09/2018;12,230;12,280;12,120;12,250;715.028.784,80;18.480
DI1F27;21/09/2018;12,450;12,450;12,150;12,210;2.370.552.853,85;61.485
DI1F27;20/09/2018;12,530;12,600;12,270;12,470;1.789.869.994,40;47.075
DI1F27;19/09/2018;12,720;12,750;12,520;12,560;1.769.929.632,45;47.180
DI1F27;18/09/2018;12,680;12,760;12,640;12,690;758.471.758,55;20.360
DI1F27;17/09/2018;12,820;12,910;12,690;12,700;713.557.983,55;19.270
DI1F27;14/09/2018;12,910;12,940;12,750;12,860;1.128.077.593,00;30.605
DI1F27;13/09/2018;12,760;12,950;12,700;12,920;800.201.393,15;21.755
DI1F27;12/09/2018;12,800;12,840;12,630;12,840;951.681.453,95;25.655
DI1F27;11/09/2018;12,800;13,010;12,800;12,840;787.978.212,35;21.530
DI1F27;10/09/2018;12,620;12,900;12,570;12,650;1.047.826.013,25;28.385
DI1F27;06/09/2018;12,850;12,890;12,520;12,530;912.158.966,45;24.730
DI1F27;05/09/2018;12,920;12,980;12,750;12,930;993.413.053,35;27.100
DI1F27;04/09/2018;12,790;12,880;12,630;12,880;837.699.240,40;22.710
DI1F27;03/09/2018;12,600;12,700;12,580;12,680;314.987.524,45;8.470
DI1F27;31/08/2018;12,750;12,810;12,480;12,500;796.938.763,05;21.370
DI1F27;30/08/2018;12,450;12,840;12,400;12,690;1.157.718.067,45;31.210
DI1F27;29/08/2018;12,460;12,490;12,320;12,390;797.238.503,10;21.090
DI1F27;28/08/2018;12,300;12,440;12,250;12,400;835.589.254,20;22.020
DI1F27;27/08/2018;12,370;12,370;12,220;12,300;563.946.644,05;14.785
DI1F27;24/08/2018;12,450;12,630;12,360;12,360;1.105.302.026,71;29.361
DI1F27;23/08/2018;12,350;12,640;12,300;12,540;1.077.437.576,15;28.740
DI1F27;22/08/2018;12,440;12,770;12,290;12,300;1.152.109.780,65;30.780
DI1F27;21/08/2018;12,100;12,600;12,100;12,570;1.252.985.996,05;33.090
DI1F27;20/08/2018;12,100;12,160;12,000;12,120;644.668.012,75;16.710
DI1F27;17/08/2018;11,910;12,200;11,910;12,000;949.033.923,98;24.539
DI1F27;16/08/2018;11,760;11,910;11,670;11,860;1.616.205.023,80;41.010
DI1F27;15/08/2018;11,940;12,010;11,740;11,780;2.260.584.357,21;57.658
DI1F27;14/08/2018;11,880;11,910;11,750;11,830;1.782.328.799,90;45.380
DI1F27;13/08/2018;12,110;12,300;11,960;11,980;1.490.764.098,12;38.897
DI1F27;10/08/2018;11,720;12,090;11,720;11,990;1.047.943.253,85;26.920
DI1F27;09/08/2018;11,570;11,690;11,540;11,690;1.463.130.168,35;36.665
DI1F27;08/08/2018;11,330;11,520;11,300;11,510;1.054.165.402,90;26.095
DI1F27;07/08/2018;11,160;11,410;11,150;11,310;1.126.405.377,85;27.585
DI1F27;06/08/2018;11,150;11,270;11,120;11,220;550.356.019,35;13.395
DI1F27;03/08/2018;11,370;11,370;11,220;11,220;1.328.470.310,15;32.525
DI1F27;02/08/2018;11,440;11,500;11,380;11,400;636.487.474,40;15.785
DI1F27;01/08/2018;11,340;11,400;11,260;11,400;871.867.708,30;21.455
DI1F27;31/07/2018;11,190;11,340;11,190;11,310;817.218.716,30;20.080
DI1F27;30/07/2018;11,210;11,250;11,150;11,200;521.904.650,55;12.735
DI1F27;27/07/2018;11,180;11,220;11,090;11,200;1.024.505.806,95;24.945
DI1F27;26/07/2018;11,140;11,240;11,080;11,220;749.643.537,65;18.300
DI1F27;25/07/2018;11,160;11,200;11,060;11,080;2.232.724.297,45;54.205
DI1F27;24/07/2018;11,210;11,260;11,110;11,220;2.197.175.290,45;53.710
DI1F27;23/07/2018;11,200;11,280;11,140;11,220;988.615.994,40;24.230
DI1F27;20/07/2018;11,310;11,310;11,150;11,180;1.722.885.664,10;42.160
DI1F27;19/07/2018;11,630;11,640;11,340;11,340;842.671.050,50;21.155
DI1F27;18/07/2018;11,620;11,650;11,510;11,580;980.305.353,16;24.677
DI1F27;17/07/2018;11,690;11,740;11,580;11,600;1.227.918.837,62;31.092
DI1F27;16/07/2018;11,570;11,750;11,530;11,680;608.906.755,31;15.467
DI1F27;13/07/2018;11,650;11,690;11,540;11,610;1.218.185.960,23;30.757
DI1F27;12/07/2018;11,460;11,710;11,460;11,670;1.949.893.484,05;49.190
DI1F27;11/07/2018;11,500;11,540;11,340;11,520;987.459.948,95;24.725
DI1F27;10/07/2018;11,620;11,620;11,350;11,460;1.502.870.649,75;37.550
DI1F27;06/07/2018;11,710;11,720;11,540;11,570;833.495.927,15;21.145
DI1F27;05/07/2018;11,580;11,840;11,540;11,700;1.439.946.696,95;36.665
DI1F27;04/07/2018;11,690;11,690;11,480;11,640;718.900.040,80;18.215
DI1F27;03/07/2018;11,580;11,760;11,440;11,730;1.178.913.007,75;29.825
DI1F27;02/07/2018;11,930;11,940;11,630;11,680;753.730.008,95;19.345
DI1F27;29/06/2018;12,040;12,210;11,890;11,960;1.083.814.108,35;28.405
DI1F27;28/06/2018;12,110;12,160;11,980;12,110;1.078.827.923,65;28.365
DI1F27;27/06/2018;12,160;12,300;12,070;12,180;680.141.255,70;18.090
DI1F27;26/06/2018;12,220;12,220;12,010;12,160;1.374.494.663,80;36.235
DI1F27;25/06/2018;12,230;12,370;12,170;12,180;824.503.286,55;22.060
DI1F27;22/06/2018;12,220;12,370;12,220;12,370;491.352.646,95;13.210
DI1F27;21/06/2018;12,150;12,380;12,060;12,300;1.121.107.367,45;30.075
DI1F27;20/06/2018;12,060;12,220;11,890;12,060;1.018.382.811,40;26.885
DI1F27;19/06/2018;12,470;12,500;12,050;12,080;1.092.373.446,58;29.308
DI1F27;18/06/2018;12,460;12,470;12,250;12,340;1.234.617.188,28;33.397
DI1F27;15/06/2018;12,520;12,670;12,240;12,470;1.934.588.880,90;52.575
DI1F27;14/06/2018;12,180;12,790;12,130;12,770;1.963.948.951,80;53.420
DI1F27;13/06/2018;12,130;12,380;12,100;12,250;1.521.094.386,65;40.720
DI1F27;12/06/2018;12,120;12,260;12,030;12,180;1.398.496.677,10;37.242
DI1F27;11/06/2018;12,120;12,230;11,870;12,150;1.835.549.974,00;48.515
DI1F27;08/06/2018;12,450;12,930;12,090;12,090;2.866.548.421,35;78.025
DI1F27;07/06/2018;12,700;13,130;12,150;12,600;4.114.545.875,15;113.146
DI1F27;06/06/2018;12,340;13,150;12,290;12,820;6.164.865.924,15;170.945
DI1F27;05/06/2018;11,760;12,430;11,760;12,350;3.344.497.057,30;88.680
DI1F27;04/06/2018;11,640;11,880;11,600;11,730;2.126.947.998,45;55.120
DI1F27;01/06/2018;11,610;11,760;11,520;11,690;3.033.940.339,75;78.030
DI1F27;30/05/2018;11,490;12,170;11,460;11,570;8.168.734.317,05;213.750
